Workbook

Sheet Dziennik
A1: Lp. | B1: Data | C1: Instrument | D1: Kierunek | E1: Wejście | F1: Stop Loss | G1: Wyjście | H1: Ryzyko (zł) | I1: Wynik (R) | J1: Wynik (zł) | K1: Wynik | L1: Skum. R | M1: Notatka / setup | N1: Emocja
A2: 1 | B2: 2026-06-02 | C2: EUR/USD | D2: Long | E2: 1.082 | F2: 1.079 | G2: 1.091 | H2: 100 | I2: =IF(OR(E2="",F2="",G2="",D2=""),"",IFERROR(IF(D2="Long",(G2-E2)/(E2-F2),(E2-G2)/(F2-E2)),"")) | J2: =IF(OR(I2="",H2=""),"",I2*H2) | K2: =IF(OR(E2="",G2="",D2=""),"",IF(ROUND(IF(D2="Long",G2-E2,E2-G2),8)=0,"BE",IF(IF(D2="Long",G2-E2,E2-G2)>0,"Zysk","Strata"))) | L2: =IF(COUNT($I$2:I2)=0,"",SUM($I$2:I2)) | M2: Odbicie od wsparcia, engulfing H1 | N2: Spokój
A3: 2 | B3: 2026-06-03 | C3: US100 | D3: Short | E3: 19850 | F3: 19980 | G3: 20040 | H3: 100 | I3: =IF(OR(E3="",F3="",G3="",D3=""),"",IFERROR(IF(D3="Long",(G3-E3)/(E3-F3),(E3-G3)/(F3-E3)),"")) | J3: =IF(OR(I3="",H3=""),"",I3*H3) | K3: =IF(OR(E3="",G3="",D3=""),"",IF(ROUND(IF(D3="Long",G3-E3,E3-G3),8)=0,"BE",IF(IF(D3="Long",G3-E3,E3-G3)>0,"Zysk","Strata"))) | L3: =IF(COUNT($I$2:I3)=0,"",SUM($I$2:I3)) | M3: Fałszywe wybicie, wszedłem za wcześnie | N3: FOMO
A4: 3 | B4: 2026-06-05 | C4: BTC/USD | D4: Long | E4: 68200 | F4: 66800 | G4: 72600 | H4: 100 | I4: =IF(OR(E4="",F4="",G4="",D4=""),"",IFERROR(IF(D4="Long",(G4-E4)/(E4-F4),(E4-G4)/(F4-E4)),"")) | J4: =IF(OR(I4="",H4=""),"",I4*H4) | K4: =IF(OR(E4="",G4="",D4=""),"",IF(ROUND(IF(D4="Long",G4-E4,E4-G4),8)=0,"BE",IF(IF(D4="Long",G4-E4,E4-G4)>0,"Zysk","Strata"))) | L4: =IF(COUNT($I$2:I4)=0,"",SUM($I$2:I4)) | M4: Flaga byka, trzymałem do TP | N4: Pewność
A5: 4 | I5: =IF(OR(E5="",F5="",G5="",D5=""),"",IFERROR(IF(D5="Long",(G5-E5)/(E5-F5),(E5-G5)/(F5-E5)),"")) | J5: =IF(OR(I5="",H5=""),"",I5*H5) | K5: =IF(OR(E5="",G5="",D5=""),"",IF(ROUND(IF(D5="Long",G5-E5,E5-G5),8)=0,"BE",IF(IF(D5="Long",G5-E5,E5-G5)>0,"Zysk","Strata"))) | L5: =IF(COUNT($I$2:I5)=0,"",SUM($I$2:I5))
A6: 5 | I6: =IF(OR(E6="",F6="",G6="",D6=""),"",IFERROR(IF(D6="Long",(G6-E6)/(E6-F6),(E6-G6)/(F6-E6)),"")) | J6: =IF(OR(I6="",H6=""),"",I6*H6) | K6: =IF(OR(E6="",G6="",D6=""),"",IF(ROUND(IF(D6="Long",G6-E6,E6-G6),8)=0,"BE",IF(IF(D6="Long",G6-E6,E6-G6)>0,"Zysk","Strata"))) | L6: =IF(COUNT($I$2:I6)=0,"",SUM($I$2:I6))
A7: 6 | I7: =IF(OR(E7="",F7="",G7="",D7=""),"",IFERROR(IF(D7="Long",(G7-E7)/(E7-F7),(E7-G7)/(F7-E7)),"")) | J7: =IF(OR(I7="",H7=""),"",I7*H7) | K7: =IF(OR(E7="",G7="",D7=""),"",IF(ROUND(IF(D7="Long",G7-E7,E7-G7),8)=0,"BE",IF(IF(D7="Long",G7-E7,E7-G7)>0,"Zysk","Strata"))) | L7: =IF(COUNT($I$2:I7)=0,"",SUM($I$2:I7))
A8: 7 | I8: =IF(OR(E8="",F8="",G8="",D8=""),"",IFERROR(IF(D8="Long",(G8-E8)/(E8-F8),(E8-G8)/(F8-E8)),"")) | J8: =IF(OR(I8="",H8=""),"",I8*H8) | K8: =IF(OR(E8="",G8="",D8=""),"",IF(ROUND(IF(D8="Long",G8-E8,E8-G8),8)=0,"BE",IF(IF(D8="Long",G8-E8,E8-G8)>0,"Zysk","Strata"))) | L8: =IF(COUNT($I$2:I8)=0,"",SUM($I$2:I8))
A9: 8 | I9: =IF(OR(E9="",F9="",G9="",D9=""),"",IFERROR(IF(D9="Long",(G9-E9)/(E9-F9),(E9-G9)/(F9-E9)),"")) | J9: =IF(OR(I9="",H9=""),"",I9*H9) | K9: =IF(OR(E9="",G9="",D9=""),"",IF(ROUND(IF(D9="Long",G9-E9,E9-G9),8)=0,"BE",IF(IF(D9="Long",G9-E9,E9-G9)>0,"Zysk","Strata"))) | L9: =IF(COUNT($I$2:I9)=0,"",SUM($I$2:I9))
A10: 9 | I10: =IF(OR(E10="",F10="",G10="",D10=""),"",IFERROR(IF(D10="Long",(G10-E10)/(E10-F10),(E10-G10)/(F10-E10)),"")) | J10: =IF(OR(I10="",H10=""),"",I10*H10) | K10: =IF(OR(E10="",G10="",D10=""),"",IF(ROUND(IF(D10="Long",G10-E10,E10-G10),8)=0,"BE",IF(IF(D10="Long",G10-E10,E10-G10)>0,"Zysk","Strata"))) | L10: =IF(COUNT($I$2:I10)=0,"",SUM($I$2:I10))
A11: 10 | I11: =IF(OR(E11="",F11="",G11="",D11=""),"",IFERROR(IF(D11="Long",(G11-E11)/(E11-F11),(E11-G11)/(F11-E11)),"")) | J11: =IF(OR(I11="",H11=""),"",I11*H11) | K11: =IF(OR(E11="",G11="",D11=""),"",IF(ROUND(IF(D11="Long",G11-E11,E11-G11),8)=0,"BE",IF(IF(D11="Long",G11-E11,E11-G11)>0,"Zysk","Strata"))) | L11: =IF(COUNT($I$2:I11)=0,"",SUM($I$2:I11))
A12: 11 | I12: =IF(OR(E12="",F12="",G12="",D12=""),"",IFERROR(IF(D12="Long",(G12-E12)/(E12-F12),(E12-G12)/(F12-E12)),"")) | J12: =IF(OR(I12="",H12=""),"",I12*H12) | K12: =IF(OR(E12="",G12="",D12=""),"",IF(ROUND(IF(D12="Long",G12-E12,E12-G12),8)=0,"BE",IF(IF(D12="Long",G12-E12,E12-G12)>0,"Zysk","Strata"))) | L12: =IF(COUNT($I$2:I12)=0,"",SUM($I$2:I12))
A13: 12 | I13: =IF(OR(E13="",F13="",G13="",D13=""),"",IFERROR(IF(D13="Long",(G13-E13)/(E13-F13),(E13-G13)/(F13-E13)),"")) | J13: =IF(OR(I13="",H13=""),"",I13*H13) | K13: =IF(OR(E13="",G13="",D13=""),"",IF(ROUND(IF(D13="Long",G13-E13,E13-G13),8)=0,"BE",IF(IF(D13="Long",G13-E13,E13-G13)>0,"Zysk","Strata"))) | L13: =IF(COUNT($I$2:I13)=0,"",SUM($I$2:I13))
A14: 13 | I14: =IF(OR(E14="",F14="",G14="",D14=""),"",IFERROR(IF(D14="Long",(G14-E14)/(E14-F14),(E14-G14)/(F14-E14)),"")) | J14: =IF(OR(I14="",H14=""),"",I14*H14) | K14: =IF(OR(E14="",G14="",D14=""),"",IF(ROUND(IF(D14="Long",G14-E14,E14-G14),8)=0,"BE",IF(IF(D14="Long",G14-E14,E14-G14)>0,"Zysk","Strata"))) | L14: =IF(COUNT($I$2:I14)=0,"",SUM($I$2:I14))
A15: 14 | I15: =IF(OR(E15="",F15="",G15="",D15=""),"",IFERROR(IF(D15="Long",(G15-E15)/(E15-F15),(E15-G15)/(F15-E15)),"")) | J15: =IF(OR(I15="",H15=""),"",I15*H15) | K15: =IF(OR(E15="",G15="",D15=""),"",IF(ROUND(IF(D15="Long",G15-E15,E15-G15),8)=0,"BE",IF(IF(D15="Long",G15-E15,E15-G15)>0,"Zysk","Strata"))) | L15: =IF(COUNT($I$2:I15)=0,"",SUM($I$2:I15))
A16: 15 | I16: =IF(OR(E16="",F16="",G16="",D16=""),"",IFERROR(IF(D16="Long",(G16-E16)/(E16-F16),(E16-G16)/(F16-E16)),"")) | J16: =IF(OR(I16="",H16=""),"",I16*H16) | K16: =IF(OR(E16="",G16="",D16=""),"",IF(ROUND(IF(D16="Long",G16-E16,E16-G16),8)=0,"BE",IF(IF(D16="Long",G16-E16,E16-G16)>0,"Zysk","Strata"))) | L16: =IF(COUNT($I$2:I16)=0,"",SUM($I$2:I16))
... A121: 120 | I121: =IF(OR(E121="",F121="",G121="",D121=""),"",IFERROR(IF(D121="Long",(G121-E121)/(E121-F121),(E121-G121)/(F121-E121)),"")) | J121: =IF(OR(I121="",H121=""),"",I121*H121) | K121: =IF(OR(E121="",G121="",D121=""),"",IF(ROUND(IF(D121="Long",G121-E121,E121-G121),8)=0,"BE",IF(IF(D121="Long",G121-E121,E121-G121)>0,"Zysk","Strata"))) | L121: =IF(COUNT($I$2:I121)=0,"",SUM($I$2:I121))

Sheet Podsumowanie
B2: PODSUMOWANIE DZIENNIKA
B3: Liczby przeliczają się same, gdy uzupełniasz arkusz Dziennik.
B5: Liczba transakcji | C5: =COUNTA(Dziennik!C2:C121)
B6: Zyskownych | C6: =COUNTIF(Dziennik!K2:K121,"Zysk")
B7: Stratnych | C7: =COUNTIF(Dziennik!K2:K121,"Strata")
B8: Winrate | C8: =IFERROR(COUNTIF(Dziennik!K2:K121,"Zysk")/(COUNTIF(Dziennik!K2:K121,"Zysk")+COUNTIF(Dziennik!K2:K121,"Strata")),"")
B9: Suma R | C9: =SUM(Dziennik!I2:I121)
B10: Średnie R / transakcję | C10: =IFERROR(AVERAGE(Dziennik!I2:I121),"")
B11: Wynik łączny | C11: =SUM(Dziennik!J2:J121)
B12: Profit factor | C12: =IFERROR(SUMIF(Dziennik!I2:I121,">0")/-SUMIF(Dziennik!I2:I121,"<0"),"")
B13: Najlepsza (R) | C13: =IFERROR(MAX(Dziennik!I2:I121),"")
B14: Najgorsza (R) | C14: =IFERROR(MIN(Dziennik!I2:I121),"")

Sheet Instrukcja
B2: Dziennik transakcji — KisielFinanse
B3: kisielfinanse.pl/naucz-sie-tradowac
B5: Jak używać
B6: 1. Wpisuj transakcje w arkuszu „Dziennik” — jeden wiersz to jedna transakcja.
B7: 2. Uzupełnij: datę, instrument, kierunek (Long/Short z listy), cenę wejścia, stop loss i wyjścia.
B8: 3. Kolumny „Wynik (R)”, „Wynik (zł)” i „Wynik” liczą się same. Nic w nich nie wpisuj.
B9: 4. Arkusz „Podsumowanie” pokazuje winrate, średnie R, profit factor i krzywę kapitału.
B11: Co to jest R?
B12: R to wynik wyrażony w jednostkach ryzyka. 1R = kwota, którą ryzykujesz na transakcji (odległość od wejścia do stop lossa).
B13: Przykład: wejście 100, stop loss 98 (ryzyko 2 pkt), wyjście 106 (zysk 6 pkt) → wynik +3R.
B14: Myślenie w R uniezależnia ocenę od wielkości pozycji i instrumentu. To język, którym mówią zawodowcy.
B16: Ryzyko (zł)
... B25: Materiał edukacyjny. Nie stanowi doradztwa inwestycyjnego. Trading wiąże się z ryzykiem utraty kapitału.
